-- ==================================================================
-- AJOUT MASSIF : 80 PRODUITS + IMAGES + CATÉGORIES + COULEURS
-- ==================================================================

-- 1. INSERTION DES 80 PRODUITS (IDs 26-105)
INSERT INTO _produit (id_TVA, id_vendeur, p_nom, p_description, p_prix, p_stock, p_statut, p_origine, p_poids, p_volume, p_frais_de_port, p_taille, p_note, p_nb_ventes) VALUES
(1, 1, 'Souris Smart 381', 'Description pour Souris Smart 381. Produit de haute qualité.', 126.22, 17, 'En ligne', 'France', 3.71, 0.34, 14.59, NULL, 3.2, 27),
(4, 2, 'Chaussettes Smart 765', 'Description pour Chaussettes Smart 765. Produit de haute qualité.', 352.16, 53, 'Hors ligne', 'France', 1.18, 0.3, 13.51, 'M', 3.0, 10),
(1, 3, 'Bonnet Ultra 467', 'Description pour Bonnet Ultra 467. Produit de haute qualité.', 424.51, 77, 'Hors ligne', 'UE', 1.4, 0.03, 8.96, 'XL', 3.2, 24),
(3, 2, 'Maillot Comfort 396', 'Description pour Maillot Comfort 396. Produit de haute qualité.', 492.68, 29, 'En ligne', 'UE', 4.35, 0.2, 8.88, 'M', 4.7, 10),
(2, 3, 'SSD Vintage 275', 'Description pour SSD Vintage 275. Produit de haute qualité.', 269.4, 31, 'Hors ligne', 'Bretagne', 0.9, 0.2, 15.85, NULL, 4.3, 35),
(4, 1, 'Chemise Pro 167', 'Description pour Chemise Pro 167. Produit de haute qualité.', 109.44, 72, 'Hors ligne', 'France', 4.39, 0.16, 11.51, 'XL', 3.8, 41),
(1, 1, 'Maillot Smart 698', 'Description pour Maillot Smart 698. Produit de haute qualité.', 217.07, 74, 'En ligne', 'France', 2.06, 0.12, 15.96, 'L', 4.0, 5),
(1, 3, 'Chronometre Ultra 494', 'Description pour Chronometre Ultra 494. Produit de haute qualité.', 193.9, 59, 'Hors ligne', 'UE', 2.69, 0.49, 14.18, NULL, 3.0, 46),
(3, 3, 'Chargeur Lite 261', 'Description pour Chargeur Lite 261. Produit de haute qualité.', 229.59, 92, 'En ligne', 'France', 4.39, 0.14, 9.5, NULL, 3.4, 6),
(2, 1, 'Vase Urban 897', 'Description pour Vase Urban 897. Produit de haute qualité.', 461.6, 0, 'En ligne', 'Bretagne', 3.03, 0.25, 4.44, NULL, 3.7, 19),
(3, 3, 'Routeur Premium 935', 'Description pour Routeur Premium 935. Produit de haute qualité.', 39.26, 97, 'Hors ligne', 'France', 2.71, 0.07, 11.57, NULL, 4.9, 10),
(1, 1, 'Maillot Premium 629', 'Description pour Maillot Premium 629. Produit de haute qualité.', 228.49, 31, 'En ligne', 'France', 1.2, 0.18, 10.64, 'L', 3.5, 14),
(4, 1, 'Souris Design 438', 'Description pour Souris Design 438. Produit de haute qualité.', 40.07, 30, 'Hors ligne', 'Hors UE', 1.46, 0.25, 10.0, NULL, 4.4, 36),
(3, 1, 'Pantalon Max 533', 'Description pour Pantalon Max 533. Produit de haute qualité.', 208.5, 93, 'En ligne', 'France', 0.37, 0.33, 11.39, 'XL', 3.1, 46),
(1, 1, 'Chaussettes Mega 385', 'Description pour Chaussettes Mega 385. Produit de haute qualité.', 234.0, 9, 'En ligne', 'France', 2.27, 0.43, 10.14, 'XL', 3.1, 34),
(4, 2, 'Filet Premium 318', 'Description pour Filet Premium 318. Produit de haute qualité.', 433.0, 7, 'Hors ligne', 'Hors UE', 0.91, 0.01, 8.07, NULL, 4.9, 50),
(2, 1, 'Pull Retro 853', 'Description pour Pull Retro 853. Produit de haute qualité.', 273.39, 95, 'En ligne', 'France', 1.64, 0.03, 9.19, 'S', 4.8, 33),
(1, 2, 'SSD Ultra 791', 'Description pour SSD Ultra 791. Produit de haute qualité.', 431.6, 51, 'Hors ligne', 'UE', 0.69, 0.45, 6.19, NULL, 4.2, 39),
(1, 1, 'Pyjama Pro 505', 'Description pour Pyjama Pro 505. Produit de haute qualité.', 69.78, 82, 'En ligne', 'UE', 1.57, 0.16, 12.76, 'M', 3.1, 29),
(3, 3, 'Bonnet Max 391', 'Description pour Bonnet Max 391. Produit de haute qualité.', 83.08, 69, 'En ligne', 'France', 3.55, 0.31, 15.82, 'M', 4.3, 0),
(4, 2, 'Cadre Ultra 860', 'Description pour Cadre Ultra 860. Produit de haute qualité.', 278.85, 34, 'En ligne', 'Bretagne', 1.48, 0.11, 7.45, NULL, 4.4, 16),
(1, 1, 'Sac sport Super 103', 'Description pour Sac sport Super 103. Produit de haute qualité.', 170.11, 16, 'En ligne', 'France', 3.22, 0.14, 12.63, NULL, 4.1, 27),
(3, 1, 'Support PC Max 696', 'Description pour Support PC Max 696. Produit de haute qualité.', 278.5, 55, 'En ligne', 'Bretagne', 0.72, 0.16, 14.68, NULL, 4.6, 2),
(4, 1, 'Horloge Design 516', 'Description pour Horloge Design 516. Produit de haute qualité.', 487.05, 95, 'En ligne', 'UE', 0.86, 0.47, 14.23, NULL, 5.0, 11),
(3, 2, 'Gourde Pro 263', 'Description pour Gourde Pro 263. Produit de haute qualité.', 394.75, 13, 'En ligne', 'France', 1.97, 0.03, 9.11, NULL, 3.4, 29),
(3, 1, 'Cle USB Eco 508', 'Description pour Cle USB Eco 508. Produit de haute qualité.', 167.49, 8, 'En ligne', 'UE', 4.84, 0.15, 11.33, NULL, 3.8, 34),
(2, 2, 'Casquette Super 211', 'Description pour Casquette Super 211. Produit de haute qualité.', 300.3, 44, 'En ligne', 'Hors UE', 3.67, 0.16, 10.87, 'L', 4.0, 24),
(3, 3, 'Disque Dur Comfort 651', 'Description pour Disque Dur Comfort 651. Produit de haute qualité.', 344.99, 94, 'En ligne', 'UE', 3.71, 0.11, 8.6, NULL, 4.9, 21),
(2, 3, 'Panier Lite 434', 'Description pour Panier Lite 434. Produit de haute qualité.', 204.19, 37, 'Hors ligne', 'Hors UE', 2.82, 0.1, 11.63, NULL, 3.8, 47),
(4, 3, 'Chargeur Pro 315', 'Description pour Chargeur Pro 315. Produit de haute qualité.', 217.79, 74, 'En ligne', 'Bretagne', 3.07, 0.17, 8.73, NULL, 4.4, 32),
(2, 1, 'Horloge Vintage 748', 'Description pour Horloge Vintage 748. Produit de haute qualité.', 311.53, 11, 'En ligne', 'France', 4.11, 0.38, 11.74, NULL, 3.4, 12),
(2, 1, 'Chronometre Design 886', 'Description pour Chronometre Design 886. Produit de haute qualité.', 41.05, 53, 'En ligne', 'Bretagne', 4.44, 0.29, 12.33, NULL, 3.8, 25),
(4, 3, 'Gourde Mega 923', 'Description pour Gourde Mega 923. Produit de haute qualité.', 479.19, 66, 'Hors ligne', 'Hors UE', 2.38, 0.28, 14.92, NULL, 3.2, 8),
(4, 3, 'Tapis sol Premium 262', 'Description pour Tapis sol Premium 262. Produit de haute qualité.', 373.11, 60, 'En ligne', 'UE', 2.31, 0.38, 13.91, NULL, 3.6, 49),
(2, 3, 'Corde Smart 392', 'Description pour Corde Smart 392. Produit de haute qualité.', 121.07, 42, 'En ligne', 'Bretagne', 1.67, 0.27, 4.79, NULL, 3.5, 44),
(1, 3, 'Raquette Max 655', 'Description pour Raquette Max 655. Produit de haute qualité.', 235.63, 7, 'Hors ligne', 'Hors UE', 1.11, 0.22, 14.75, NULL, 4.2, 44),
(2, 2, 'Webcam Pro 871', 'Description pour Webcam Pro 871. Produit de haute qualité.', 198.04, 53, 'Hors ligne', 'Hors UE', 2.74, 0.37, 13.39, NULL, 4.8, 31),
(1, 2, 'Micro Max 784', 'Description pour Micro Max 784. Produit de haute qualité.', 341.18, 51, 'En ligne', 'Bretagne', 3.65, 0.42, 14.94, NULL, 5.0, 34),
(3, 2, 'Bande elastique Design 572', 'Description pour Bande elastique Design 572. Produit de haute qualité.', 94.96, 33, 'Hors ligne', 'Bretagne', 1.96, 0.11, 7.24, NULL, 4.5, 24),
(2, 1, 'Haltere Smart 652', 'Description pour Haltere Smart 652. Produit de haute qualité.', 30.78, 44, 'En ligne', 'France', 1.2, 0.04, 15.43, NULL, 3.1, 1),
(2, 2, 'Short Retro 323', 'Description pour Short Retro 323. Produit de haute qualité.', 235.19, 32, 'En ligne', 'Bretagne', 3.86, 0.09, 10.88, 'S', 4.5, 7),
(3, 3, 'Statue Vintage 484', 'Description pour Statue Vintage 484. Produit de haute qualité.', 201.34, 91, 'En ligne', 'Bretagne', 1.07, 0.3, 13.79, NULL, 3.5, 44),
(3, 3, 'Horloge Lite 777', 'Description pour Horloge Lite 777. Produit de haute qualité.', 188.43, 64, 'Hors ligne', 'France', 3.27, 0.02, 8.45, NULL, 4.0, 27),
(3, 2, 'Bande elastique Smart 634', 'Description pour Bande elastique Smart 634. Produit de haute qualité.', 482.91, 34, 'En ligne', 'Bretagne', 3.12, 0.46, 13.06, NULL, 3.9, 46),
(2, 2, 'Rideau Eco 868', 'Description pour Rideau Eco 868. Produit de haute qualité.', 235.03, 78, 'Hors ligne', 'UE', 3.37, 0.17, 9.42, NULL, 3.7, 31),
(2, 3, 'Statue Smart 382', 'Description pour Statue Smart 382. Produit de haute qualité.', 280.12, 66, 'Hors ligne', 'Hors UE', 4.75, 0.05, 12.35, NULL, 4.0, 48),
(4, 3, 'Haltere Ultra 401', 'Description pour Haltere Ultra 401. Produit de haute qualité.', 114.69, 88, 'Hors ligne', 'UE', 1.29, 0.34, 7.79, NULL, 4.1, 22),
(2, 1, 'Sac sport Pro 357', 'Description pour Sac sport Pro 357. Produit de haute qualité.', 119.12, 92, 'Hors ligne', 'UE', 1.04, 0.07, 9.96, NULL, 4.5, 11),
(3, 3, 'Cadre Design 298', 'Description pour Cadre Design 298. Produit de haute qualité.', 151.64, 46, 'En ligne', 'Hors UE', 0.98, 0.02, 9.93, NULL, 3.5, 3),
(1, 1, 'Support PC Super 687', 'Description pour Support PC Super 687. Produit de haute qualité.', 145.75, 61, 'Hors ligne', 'Hors UE', 2.26, 0.1, 3.66, NULL, 4.9, 30),
(4, 3, 'SSD Vintage 802', 'Description pour SSD Vintage 802. Produit de haute qualité.', 31.54, 19, 'En ligne', 'Hors UE', 4.07, 0.48, 4.1, NULL, 3.5, 35),
(2, 3, 'Filet Pro 980', 'Description pour Filet Pro 980. Produit de haute qualité.', 296.32, 54, 'En ligne', 'UE', 1.6, 0.31, 10.92, NULL, 4.5, 48),
(3, 3, 'Ecran Eco 277', 'Description pour Ecran Eco 277. Produit de haute qualité.', 278.24, 20, 'Hors ligne', 'Hors UE', 0.11, 0.23, 10.71, NULL, 3.6, 14),
(2, 2, 'Cle USB Eco 370', 'Description pour Cle USB Eco 370. Produit de haute qualité.', 394.97, 80, 'En ligne', 'Bretagne', 2.99, 0.4, 5.56, NULL, 3.2, 14),
(3, 3, 'Ecran Comfort 414', 'Description pour Ecran Comfort 414. Produit de haute qualité.', 299.55, 72, 'Hors ligne', 'Hors UE', 4.61, 0.23, 9.08, NULL, 3.6, 25),
(1, 3, 'SSD Super 542', 'Description pour SSD Super 542. Produit de haute qualité.', 368.59, 77, 'Hors ligne', 'Bretagne', 1.33, 0.05, 15.49, NULL, 4.7, 36),
(3, 3, 'Gants Pro 285', 'Description pour Gants Pro 285. Produit de haute qualité.', 498.49, 55, 'En ligne', 'France', 3.21, 0.25, 4.18, 'XL', 3.7, 21),
(1, 2, 'Bougie Smart 607', 'Description pour Bougie Smart 607. Produit de haute qualité.', 147.67, 51, 'En ligne', 'Hors UE', 4.09, 0.28, 8.9, NULL, 3.6, 20),
(3, 2, 'Haltere Eco 630', 'Description pour Haltere Eco 630. Produit de haute qualité.', 184.08, 96, 'Hors ligne', 'Bretagne', 2.54, 0.23, 3.66, NULL, 3.5, 8),
(4, 1, 'Cle USB Retro 918', 'Description pour Cle USB Retro 918. Produit de haute qualité.', 123.45, 20, 'En ligne', 'Hors UE', 1.62, 0.02, 8.29, NULL, 3.4, 7),
(2, 1, 'Horloge Smart 379', 'Description pour Horloge Smart 379. Produit de haute qualité.', 210.67, 61, 'Hors ligne', 'Hors UE', 4.9, 0.13, 10.16, NULL, 3.8, 38),
(4, 3, 'Horloge Pro 940', 'Description pour Horloge Pro 940. Produit de haute qualité.', 6.27, 92, 'Hors ligne', 'UE', 1.56, 0.3, 15.98, NULL, 4.0, 9),
(4, 1, 'Horloge Comfort 656', 'Description pour Horloge Comfort 656. Produit de haute qualité.', 191.72, 41, 'Hors ligne', 'Hors UE', 4.36, 0.49, 6.09, NULL, 3.8, 49),
(4, 1, 'Raquette Vintage 911', 'Description pour Raquette Vintage 911. Produit de haute qualité.', 411.27, 19, 'Hors ligne', 'Bretagne', 2.53, 0.03, 9.52, NULL, 4.2, 6),
(4, 2, 'Echarpe Ultra 580', 'Description pour Echarpe Ultra 580. Produit de haute qualité.', 391.86, 33, 'Hors ligne', 'Bretagne', 1.76, 0.35, 11.44, 'M', 4.7, 43),
(4, 1, 'Cable USB Vintage 800', 'Description pour Cable USB Vintage 800. Produit de haute qualité.', 460.86, 29, 'Hors ligne', 'Bretagne', 3.76, 0.22, 4.27, NULL, 4.3, 6),
(2, 1, 'Webcam Comfort 157', 'Description pour Webcam Comfort 157. Produit de haute qualité.', 150.22, 47, 'En ligne', 'Hors UE', 2.21, 0.13, 8.35, NULL, 4.4, 11),
(2, 1, 'Gants Eco 572', 'Description pour Gants Eco 572. Produit de haute qualité.', 320.76, 58, 'Hors ligne', 'UE', 1.35, 0.01, 13.45, 'M', 4.8, 43),
(3, 3, 'Panier Lite 806', 'Description pour Panier Lite 806. Produit de haute qualité.', 128.8, 38, 'Hors ligne', 'UE', 1.08, 0.2, 9.27, NULL, 3.5, 36),
(4, 2, 'Support PC Vintage 505', 'Description pour Support PC Vintage 505. Produit de haute qualité.', 140.87, 72, 'En ligne', 'UE', 4.34, 0.39, 15.65, NULL, 4.8, 47),
(3, 2, 'Pyjama Vintage 873', 'Description pour Pyjama Vintage 873. Produit de haute qualité.', 361.86, 84, 'En ligne', 'UE', 3.44, 0.08, 4.25, 'L', 4.3, 2),
(2, 2, 'Pantalon Smart 525', 'Description pour Pantalon Smart 525. Produit de haute qualité.', 91.94, 16, 'Hors ligne', 'UE', 3.95, 0.44, 7.75, 'L', 4.0, 17),
(3, 1, 'Cadre Premium 177', 'Description pour Cadre Premium 177. Produit de haute qualité.', 74.67, 28, 'Hors ligne', 'Bretagne', 4.31, 0.36, 15.73, NULL, 4.9, 35),
(2, 2, 'Horloge Ultra 565', 'Description pour Horloge Ultra 565. Produit de haute qualité.', 187.45, 95, 'En ligne', 'UE', 3.39, 0.3, 13.68, NULL, 4.9, 6),
(2, 3, 'Pyjama Smart 409', 'Description pour Pyjama Smart 409. Produit de haute qualité.', 326.37, 14, 'En ligne', 'Hors UE', 0.78, 0.47, 6.95, 'XL', 4.0, 6),
(4, 3, 'Balle Vintage 860', 'Description pour Balle Vintage 860. Produit de haute qualité.', 349.76, 69, 'Hors ligne', 'UE', 2.15, 0.37, 5.0, NULL, 3.8, 6),
(3, 1, 'Routeur Max 322', 'Description pour Routeur Max 322. Produit de haute qualité.', 224.47, 30, 'Hors ligne', 'UE', 4.29, 0.06, 11.9, NULL, 4.1, 41),
(2, 1, 'Pantalon Ultra 778', 'Description pour Pantalon Ultra 778. Produit de haute qualité.', 109.99, 81, 'En ligne', 'France', 3.03, 0.02, 13.22, 'XL', 3.5, 8),
(1, 2, 'Bonnet Pro 979', 'Description pour Bonnet Pro 979. Produit de haute qualité.', 492.09, 16, 'En ligne', 'UE', 2.75, 0.4, 4.42, 'S', 4.7, 8),
(1, 2, 'Ecran Pro 153', 'Description pour Ecran Pro 153. Produit de haute qualité.', 67.75, 53, 'En ligne', 'Bretagne', 2.68, 0.38, 9.18, NULL, 4.6, 32);

-- 2. INSERTION DES IMAGES (IDs 29-108)
INSERT INTO _image (id_image, i_lien, i_title, i_alt) VALUES
(29, 'https://picsum.photos/seed/26/400/400', 'Image Produit 26', 'Photo du produit 26'),
(30, 'https://picsum.photos/seed/27/400/400', 'Image Produit 27', 'Photo du produit 27'),
(31, 'https://picsum.photos/seed/28/400/400', 'Image Produit 28', 'Photo du produit 28'),
(32, 'https://picsum.photos/seed/29/400/400', 'Image Produit 29', 'Photo du produit 29'),
(33, 'https://picsum.photos/seed/30/400/400', 'Image Produit 30', 'Photo du produit 30'),
(34, 'https://picsum.photos/seed/31/400/400', 'Image Produit 31', 'Photo du produit 31'),
(35, 'https://picsum.photos/seed/32/400/400', 'Image Produit 32', 'Photo du produit 32'),
(36, 'https://picsum.photos/seed/33/400/400', 'Image Produit 33', 'Photo du produit 33'),
(37, 'https://picsum.photos/seed/34/400/400', 'Image Produit 34', 'Photo du produit 34'),
(38, 'https://picsum.photos/seed/35/400/400', 'Image Produit 35', 'Photo du produit 35'),
(39, 'https://picsum.photos/seed/36/400/400', 'Image Produit 36', 'Photo du produit 36'),
(40, 'https://picsum.photos/seed/37/400/400', 'Image Produit 37', 'Photo du produit 37'),
(41, 'https://picsum.photos/seed/38/400/400', 'Image Produit 38', 'Photo du produit 38'),
(42, 'https://picsum.photos/seed/39/400/400', 'Image Produit 39', 'Photo du produit 39'),
(43, 'https://picsum.photos/seed/40/400/400', 'Image Produit 40', 'Photo du produit 40'),
(44, 'https://picsum.photos/seed/41/400/400', 'Image Produit 41', 'Photo du produit 41'),
(45, 'https://picsum.photos/seed/42/400/400', 'Image Produit 42', 'Photo du produit 42'),
(46, 'https://picsum.photos/seed/43/400/400', 'Image Produit 43', 'Photo du produit 43'),
(47, 'https://picsum.photos/seed/44/400/400', 'Image Produit 44', 'Photo du produit 44'),
(48, 'https://picsum.photos/seed/45/400/400', 'Image Produit 45', 'Photo du produit 45'),
(49, 'https://picsum.photos/seed/46/400/400', 'Image Produit 46', 'Photo du produit 46'),
(50, 'https://picsum.photos/seed/47/400/400', 'Image Produit 47', 'Photo du produit 47'),
(51, 'https://picsum.photos/seed/48/400/400', 'Image Produit 48', 'Photo du produit 48'),
(52, 'https://picsum.photos/seed/49/400/400', 'Image Produit 49', 'Photo du produit 49'),
(53, 'https://picsum.photos/seed/50/400/400', 'Image Produit 50', 'Photo du produit 50'),
(54, 'https://picsum.photos/seed/51/400/400', 'Image Produit 51', 'Photo du produit 51'),
(55, 'https://picsum.photos/seed/52/400/400', 'Image Produit 52', 'Photo du produit 52'),
(56, 'https://picsum.photos/seed/53/400/400', 'Image Produit 53', 'Photo du produit 53'),
(57, 'https://picsum.photos/seed/54/400/400', 'Image Produit 54', 'Photo du produit 54'),
(58, 'https://picsum.photos/seed/55/400/400', 'Image Produit 55', 'Photo du produit 55'),
(59, 'https://picsum.photos/seed/56/400/400', 'Image Produit 56', 'Photo du produit 56'),
(60, 'https://picsum.photos/seed/57/400/400', 'Image Produit 57', 'Photo du produit 57'),
(61, 'https://picsum.photos/seed/58/400/400', 'Image Produit 58', 'Photo du produit 58'),
(62, 'https://picsum.photos/seed/59/400/400', 'Image Produit 59', 'Photo du produit 59'),
(63, 'https://picsum.photos/seed/60/400/400', 'Image Produit 60', 'Photo du produit 60'),
(64, 'https://picsum.photos/seed/61/400/400', 'Image Produit 61', 'Photo du produit 61'),
(65, 'https://picsum.photos/seed/62/400/400', 'Image Produit 62', 'Photo du produit 62'),
(66, 'https://picsum.photos/seed/63/400/400', 'Image Produit 63', 'Photo du produit 63'),
(67, 'https://picsum.photos/seed/64/400/400', 'Image Produit 64', 'Photo du produit 64'),
(68, 'https://picsum.photos/seed/65/400/400', 'Image Produit 65', 'Photo du produit 65'),
(69, 'https://picsum.photos/seed/66/400/400', 'Image Produit 66', 'Photo du produit 66'),
(70, 'https://picsum.photos/seed/67/400/400', 'Image Produit 67', 'Photo du produit 67'),
(71, 'https://picsum.photos/seed/68/400/400', 'Image Produit 68', 'Photo du produit 68'),
(72, 'https://picsum.photos/seed/69/400/400', 'Image Produit 69', 'Photo du produit 69'),
(73, 'https://picsum.photos/seed/70/400/400', 'Image Produit 70', 'Photo du produit 70'),
(74, 'https://picsum.photos/seed/71/400/400', 'Image Produit 71', 'Photo du produit 71'),
(75, 'https://picsum.photos/seed/72/400/400', 'Image Produit 72', 'Photo du produit 72'),
(76, 'https://picsum.photos/seed/73/400/400', 'Image Produit 73', 'Photo du produit 73'),
(77, 'https://picsum.photos/seed/74/400/400', 'Image Produit 74', 'Photo du produit 74'),
(78, 'https://picsum.photos/seed/75/400/400', 'Image Produit 75', 'Photo du produit 75'),
(79, 'https://picsum.photos/seed/76/400/400', 'Image Produit 76', 'Photo du produit 76'),
(80, 'https://picsum.photos/seed/77/400/400', 'Image Produit 77', 'Photo du produit 77'),
(81, 'https://picsum.photos/seed/78/400/400', 'Image Produit 78', 'Photo du produit 78'),
(82, 'https://picsum.photos/seed/79/400/400', 'Image Produit 79', 'Photo du produit 79'),
(83, 'https://picsum.photos/seed/80/400/400', 'Image Produit 80', 'Photo du produit 80'),
(84, 'https://picsum.photos/seed/81/400/400', 'Image Produit 81', 'Photo du produit 81'),
(85, 'https://picsum.photos/seed/82/400/400', 'Image Produit 82', 'Photo du produit 82'),
(86, 'https://picsum.photos/seed/83/400/400', 'Image Produit 83', 'Photo du produit 83'),
(87, 'https://picsum.photos/seed/84/400/400', 'Image Produit 84', 'Photo du produit 84'),
(88, 'https://picsum.photos/seed/85/400/400', 'Image Produit 85', 'Photo du produit 85'),
(89, 'https://picsum.photos/seed/86/400/400', 'Image Produit 86', 'Photo du produit 86'),
(90, 'https://picsum.photos/seed/87/400/400', 'Image Produit 87', 'Photo du produit 87'),
(91, 'https://picsum.photos/seed/88/400/400', 'Image Produit 88', 'Photo du produit 88'),
(92, 'https://picsum.photos/seed/89/400/400', 'Image Produit 89', 'Photo du produit 89'),
(93, 'https://picsum.photos/seed/90/400/400', 'Image Produit 90', 'Photo du produit 90'),
(94, 'https://picsum.photos/seed/91/400/400', 'Image Produit 91', 'Photo du produit 91'),
(95, 'https://picsum.photos/seed/92/400/400', 'Image Produit 92', 'Photo du produit 92'),
(96, 'https://picsum.photos/seed/93/400/400', 'Image Produit 93', 'Photo du produit 93'),
(97, 'https://picsum.photos/seed/94/400/400', 'Image Produit 94', 'Photo du produit 94'),
(98, 'https://picsum.photos/seed/95/400/400', 'Image Produit 95', 'Photo du produit 95'),
(99, 'https://picsum.photos/seed/96/400/400', 'Image Produit 96', 'Photo du produit 96'),
(100, 'https://picsum.photos/seed/97/400/400', 'Image Produit 97', 'Photo du produit 97'),
(101, 'https://picsum.photos/seed/98/400/400', 'Image Produit 98', 'Photo du produit 98'),
(102, 'https://picsum.photos/seed/99/400/400', 'Image Produit 99', 'Photo du produit 99'),
(103, 'https://picsum.photos/seed/100/400/400', 'Image Produit 100', 'Photo du produit 100'),
(104, 'https://picsum.photos/seed/101/400/400', 'Image Produit 101', 'Photo du produit 101'),
(105, 'https://picsum.photos/seed/102/400/400', 'Image Produit 102', 'Photo du produit 102'),
(106, 'https://picsum.photos/seed/103/400/400', 'Image Produit 103', 'Photo du produit 103'),
(107, 'https://picsum.photos/seed/104/400/400', 'Image Produit 104', 'Photo du produit 104'),
(108, 'https://picsum.photos/seed/105/400/400', 'Image Produit 105', 'Photo du produit 105');

-- 3. RELATIONS PRODUITS-CATÉGORIES
INSERT INTO _fait_partie_de (id_produit, id_categorie) VALUES
(26, 1), (26, 7),
(27, 2), (27, 8),
(28, 2), (28, 9),
(29, 2), (29, 9),
(30, 1), (30, 7),
(31, 2), (31, 8),
(32, 2), (32, 8),
(33, 5),
(34, 1), (34, 7),
(35, 4),
(36, 1), (36, 7),
(37, 2), (37, 9),
(38, 1), (38, 7),
(39, 2), (39, 9),
(40, 2), (40, 9),
(41, 5),
(42, 2), (42, 9),
(43, 1), (43, 7),
(44, 2), (44, 8),
(45, 2), (45, 8),
(46, 4),
(47, 5),
(48, 1), (48, 7),
(49, 4),
(50, 5),
(51, 1), (51, 7),
(52, 2), (52, 8),
(53, 1), (53, 7),
(54, 4),
(55, 1), (55, 7),
(56, 4),
(57, 5),
(58, 5),
(59, 5),
(60, 5),
(61, 5),
(62, 1), (62, 7),
(63, 1), (63, 7),
(64, 5),
(65, 5),
(66, 2), (66, 9),
(67, 4),
(68, 4),
(69, 5),
(70, 4),
(71, 4),
(72, 5),
(73, 5),
(74, 4),
(75, 1), (75, 7),
(76, 1), (76, 7),
(77, 5),
(78, 1), (78, 7),
(79, 1), (79, 7),
(80, 1), (80, 7),
(81, 1), (81, 7),
(82, 2), (82, 8),
(83, 4),
(84, 5),
(85, 1), (85, 7),
(86, 4),
(87, 4),
(88, 4),
(89, 5),
(90, 2), (90, 8),
(91, 1), (91, 7),
(92, 1), (92, 7),
(93, 2), (93, 8),
(94, 4),
(95, 1), (95, 7),
(96, 2), (96, 9),
(97, 2), (97, 8),
(98, 4),
(99, 4),
(100, 2), (100, 9),
(101, 5),
(102, 1), (102, 7),
(103, 2), (103, 8),
(104, 2), (104, 8),
(105, 1), (105, 7);

-- 4. RELATIONS IMAGES-PRODUITS
INSERT INTO _represente_produit (id_image, id_produit) VALUES
(29, 26), (30, 27), (31, 28), (32, 29), (33, 30), (34, 31), (35, 32), (36, 33),
(37, 34), (38, 35), (39, 36), (40, 37), (41, 38), (42, 39), (43, 40), (44, 41),
(45, 42), (46, 43), (47, 44), (48, 45), (49, 46), (50, 47), (51, 48), (52, 49),
(53, 50), (54, 51), (55, 52), (56, 53), (57, 54), (58, 55), (59, 56), (60, 57),
(61, 58), (62, 59), (63, 60), (64, 61), (65, 62), (66, 63), (67, 64), (68, 65),
(69, 66), (70, 67), (71, 68), (72, 69), (73, 70), (74, 71), (75, 72), (76, 73),
(77, 74), (78, 75), (79, 76), (80, 77), (81, 78), (82, 79), (83, 80), (84, 81),
(85, 82), (86, 83), (87, 84), (88, 85), (89, 86), (90, 87), (91, 88), (92, 89),
(93, 90), (94, 91), (95, 92), (96, 93), (97, 94), (98, 95), (99, 96), (100, 97),
(101, 98), (102, 99), (103, 100), (104, 101), (105, 102), (106, 103), (107, 104), (108, 105);

-- 5. RELATIONS PRODUITS-COULEURS
INSERT INTO _est_dote_de (id_produit, code_hexa) VALUES
(26, '#FF0000'), (26, '#0000FF'), (27, '#EE82EE'), (28, '#FFFF00'), (29, '#87CEEB'),
(30, '#808080'), (30, '#FFFFFF'), (31, '#FFA500'), (31, '#00FF00'), (32, '#FF0000'),
(33, '#32CD32'), (33, '#00FF00'), (34, '#8B4513'), (35, '#FFA500'), (36, '#00FF00'),
(37, '#32CD32'), (37, '#FFFFFF'), (38, '#87CEEB'), (38, '#00FF00'), (39, '#87CEEB'),
(39, '#000000'), (40, '#000000'), (41, '#87CEEB'), (41, '#00FF00'), (42, '#0000FF'),
(42, '#FFA500'), (43, '#32CD32'), (44, '#FF0000'), (45, '#0000FF'), (45, '#00FF00'),
(46, '#32CD32'), (47, '#00FF00'), (47, '#EE82EE'), (48, '#FF0000'), (49, '#32CD32'),
(50, '#00FF00'), (51, '#EE82EE'), (52, '#00FF00'), (53, '#0000FF'), (53, '#FFFFFF'),
(54, '#87CEEB'), (54, '#EE82EE'), (55, '#808080'), (56, '#87CEEB'), (57, '#FFFF00'),
(58, '#8B4513'), (59, '#8B4513'), (59, '#808080'), (60, '#EE82EE'), (60, '#FF0000'),
(61, '#EE82EE'), (61, '#00FF00'), (62, '#8B4513'), (63, '#000000'), (63, '#00FF00'),
(64, '#32CD32'), (64, '#0000FF'), (65, '#8B4513'), (65, '#FF0000'), (66, '#808080'),
(67, '#FFFFFF'), (68, '#808080'), (68, '#FF0000'), (69, '#87CEEB'), (70, '#808080'),
(70, '#FFFF00'), (71, '#FF0000'), (71, '#8B4513'), (72, '#FFFFFF'), (72, '#FFA500'),
(73, '#808080'), (74, '#32CD32'), (74, '#8B4513'), (75, '#FFFF00'), (75, '#000000'),
(76, '#32CD32'), (76, '#FFA500'), (77, '#808080'), (78, '#FF0000'), (78, '#32CD32'),
(79, '#8B4513'), (80, '#FFA500'), (80, '#000000'), (81, '#FFFF00'), (82, '#32CD32'),
(82, '#00FF00'), (83, '#FFA500'), (83, '#FFFFFF'), (84, '#00FF00'), (84, '#FFFFFF'),
(85, '#00FF00'), (86, '#87CEEB'), (87, '#FFFF00'), (87, '#0000FF'), (88, '#0000FF'),
(88, '#87CEEB'), (89, '#32CD32'), (89, '#FFFF00'), (90, '#FFA500'), (91, '#FFA500'),
(91, '#FFFFFF'), (92, '#0000FF'), (92, '#00FF00'), (93, '#8B4513'), (94, '#FFFF00'),
(95, '#0000FF'), (95, '#000000'), (96, '#000000'), (97, '#808080'), (97, '#32CD32'),
(98, '#FFFFFF'), (99, '#00FF00'), (99, '#0000FF'), (100, '#FFFF00'), (101, '#FF0000'),
(102, '#FFFF00'), (102, '#FFA500'), (103, '#32CD32'), (103, '#8B4513'), (104, '#FFFF00'),
(105, '#EE82EE');
